brand,gender,category,region,size_label,chest_min_cm,chest_max_cm,waist_min_cm,waist_max_cm,hips_min_cm,hips_max_cm,inside_leg_cm,foot_length_cm,source_url,last_checked,notes
Demo Label A,women,tops,UK,6,80.0,84.5,62.0,66.5,88.0,92.5,,,,2026-10-01,Fictional sample data - replace with real charts
Demo Label A,women,dresses,UK,6,80.0,84.5,62.0,66.5,88.0,92.5,,,,2026-10-01,Fictional sample data - replace with real charts
Demo Label A,women,bottoms,UK,6,,,62.0,66.5,88.0,92.5,78,,,2026-10-01,Fictional sample data - replace with real charts
Demo Label A,women,tops,UK,8,84.5,89.0,66.5,71.0,92.5,97.0,,,,2026-10-01,Fictional sample data - replace with real charts
Demo Label A,women,dresses,UK,8,84.5,89.0,66.5,71.0,92.5,97.0,,,,2026-10-01,Fictional sample data - replace with real charts
Demo Label A,women,bottoms,UK,8,,,66.5,71.0,92.5,97.0,78,,,2026-10-01,Fictional sample data - replace with real charts
Demo Label A,women,tops,UK,10,89.0,93.5,71.0,75.5,97.0,101.5,,,,2026-10-01,Fictional sample data - replace with real charts
Demo Label A,women,dresses,UK,10,89.0,93.5,71.0,75.5,97.0,101.5,,,,2026-10-01,Fictional sample data - replace with real charts
Demo Label A,women,bottoms,UK,10,,,71.0,75.5,97.0,101.5,78,,,2026-10-01,Fictional sample data - replace with real charts
Demo Label A,women,tops,UK,12,93.5,98.0,75.5,80.0,101.5,106.0,,,,2026-10-01,Fictional sample data - replace with real charts
Demo Label A,women,dresses,UK,12,93.5,98.0,75.5,80.0,101.5,106.0,,,,2026-10-01,Fictional sample data - replace with real charts
Demo Label A,women,bottoms,UK,12,,,75.5,80.0,101.5,106.0,78,,,2026-10-01,Fictional sample data - replace with real charts
Demo Label A,women,tops,UK,14,98.0,102.5,80.0,84.5,106.0,110.5,,,,2026-10-01,Fictional sample data - replace with real charts
Demo Label A,women,dresses,UK,14,98.0,102.5,80.0,84.5,106.0,110.5,,,,2026-10-01,Fictional sample data - replace with real charts
Demo Label A,women,bottoms,UK,14,,,80.0,84.5,106.0,110.5,78,,,2026-10-01,Fictional sample data - replace with real charts
Demo Label A,women,tops,UK,16,102.5,107.0,84.5,89.0,110.5,115.0,,,,2026-10-01,Fictional sample data - replace with real charts
Demo Label A,women,dresses,UK,16,102.5,107.0,84.5,89.0,110.5,115.0,,,,2026-10-01,Fictional sample data - replace with real charts
Demo Label A,women,bottoms,UK,16,,,84.5,89.0,110.5,115.0,78,,,2026-10-01,Fictional sample data - replace with real charts
Demo Label B,women,tops,INT,XS,79,84,61,66,87,92,,,,2026-10-01,Fictional sample data - replace with real charts
Demo Label B,women,dresses,INT,XS,79,84,61,66,87,92,,,,2026-10-01,Fictional sample data - replace with real charts
Demo Label B,women,bottoms,INT,XS,,,61,66,87,92,,,,2026-10-01,Fictional sample data - replace with real charts
Demo Label B,women,tops,INT,S,85,90,67,72,93,98,,,,2026-10-01,Fictional sample data - replace with real charts
Demo Label B,women,dresses,INT,S,85,90,67,72,93,98,,,,2026-10-01,Fictional sample data - replace with real charts
Demo Label B,women,bottoms,INT,S,,,67,72,93,98,,,,2026-10-01,Fictional sample data - replace with real charts
Demo Label B,women,tops,INT,M,91,96,73,78,99,104,,,,2026-10-01,Fictional sample data - replace with real charts
Demo Label B,women,dresses,INT,M,91,96,73,78,99,104,,,,2026-10-01,Fictional sample data - replace with real charts
Demo Label B,women,bottoms,INT,M,,,73,78,99,104,,,,2026-10-01,Fictional sample data - replace with real charts
Demo Label B,women,tops,INT,L,97,102,79,84,105,110,,,,2026-10-01,Fictional sample data - replace with real charts
Demo Label B,women,dresses,INT,L,97,102,79,84,105,110,,,,2026-10-01,Fictional sample data - replace with real charts
Demo Label B,women,bottoms,INT,L,,,79,84,105,110,,,,2026-10-01,Fictional sample data - replace with real charts
Demo Label B,women,tops,INT,XL,103,108,85,90,111,116,,,,2026-10-01,Fictional sample data - replace with real charts
Demo Label B,women,dresses,INT,XL,103,108,85,90,111,116,,,,2026-10-01,Fictional sample data - replace with real charts
Demo Label B,women,bottoms,INT,XL,,,85,90,111,116,,,,2026-10-01,Fictional sample data - replace with real charts
Demo Label C,women,tops,EU,36,83,87,66,70,91,95,,,,2026-10-01,Fictional sample data - replace with real charts
Demo Label C,women,tops,UK,8,83,87,66,70,91,95,,,,2026-10-01,Fictional sample data - replace with real charts
Demo Label C,women,tops,EU,38,87,91,70,74,95,99,,,,2026-10-01,Fictional sample data - replace with real charts
Demo Label C,women,tops,UK,10,87,91,70,74,95,99,,,,2026-10-01,Fictional sample data - replace with real charts
Demo Label C,women,tops,EU,40,91,95,74,78,99,103,,,,2026-10-01,Fictional sample data - replace with real charts
Demo Label C,women,tops,UK,12,91,95,74,78,99,103,,,,2026-10-01,Fictional sample data - replace with real charts
Demo Label C,women,tops,EU,42,95,99,78,82,103,107,,,,2026-10-01,Fictional sample data - replace with real charts
Demo Label C,women,tops,UK,14,95,99,78,82,103,107,,,,2026-10-01,Fictional sample data - replace with real charts
Demo Label D,women,tops,UK,UK 8,,,,,,,,,,2026-10-01,Fictional sample data - replace with real charts
Demo Label D,women,tops,UK,UK 10,,,,,,,,,,2026-10-01,Fictional sample data - replace with real charts
Demo Label D,women,tops,UK,UK 12,,,,,,,,,,2026-10-01,Fictional sample data - replace with real charts
Demo Label A,men,tops,INT,S,88,95,74,81,,,,,,2026-10-01,Fictional sample data - replace with real charts
Demo Label B,men,tops,INT,S,90,96,76,82,,,,,,2026-10-01,Fictional sample data - replace with real charts
Demo Label A,men,tops,INT,M,96,103,82,89,,,,,,2026-10-01,Fictional sample data - replace with real charts
Demo Label B,men,tops,INT,M,97,103,83,89,,,,,,2026-10-01,Fictional sample data - replace with real charts
Demo Label A,men,tops,INT,L,104,111,90,97,,,,,,2026-10-01,Fictional sample data - replace with real charts
Demo Label B,men,tops,INT,L,104,110,90,96,,,,,,2026-10-01,Fictional sample data - replace with real charts
Demo Label A,men,tops,INT,XL,112,119,98,105,,,,,,2026-10-01,Fictional sample data - replace with real charts
Demo Label B,men,tops,INT,XL,111,117,97,103,,,,,,2026-10-01,Fictional sample data - replace with real charts
Demo Label A,men,bottoms,UK,28,,,70,74,86,90,81,,,2026-10-01,Fictional sample data - replace with real charts
Demo Label B,men,bottoms,UK,W28,,,71,75,,,,,,2026-10-01,Fictional sample data - replace with real charts
Demo Label A,men,bottoms,UK,30,,,75,79,91,95,81,,,2026-10-01,Fictional sample data - replace with real charts
Demo Label B,men,bottoms,UK,W30,,,76,80,,,,,,2026-10-01,Fictional sample data - replace with real charts
Demo Label A,men,bottoms,UK,32,,,80,84,96,100,81,,,2026-10-01,Fictional sample data - replace with real charts
Demo Label B,men,bottoms,UK,W32,,,81,85,,,,,,2026-10-01,Fictional sample data - replace with real charts
Demo Label A,men,bottoms,UK,34,,,85,89,101,105,81,,,2026-10-01,Fictional sample data - replace with real charts
Demo Label B,men,bottoms,UK,W34,,,86,90,,,,,,2026-10-01,Fictional sample data - replace with real charts
Demo Label A,men,bottoms,UK,36,,,90,94,106,110,81,,,2026-10-01,Fictional sample data - replace with real charts
Demo Label B,men,bottoms,UK,W36,,,91,95,,,,,,2026-10-01,Fictional sample data - replace with real charts
